{
  "name": "string-mask",
  "version": "0.0.1",
  "homepage": "https://github.com/the-darc/string-mask",
  "authors": [
    "the-darc <darc.tec@gmail.com>"
  ],
  "description": "A string formatter and validator based on masks",
  "main": "src/string-mask.js",
  "keywords": [
    "mask",
    "formatter",
    "string",
    "validator",
    "validation"
  ],
  "license": "MIT",
  "ignore": [
    "**/.*",
    "node_modules",
    "bower_components",
    "**/*.test.js",
    "package.json"
  ],
  "_release": "0.0.1",
  "_resolution": {
    "type": "version",
    "tag": "0.0.1",
    "commit": "399908fc16c9d7687e78fccbd63f1ef8ac1c4d0f"
  },
  "_source": "git://github.com/the-darc/string-mask.git",
  "_target": "~0.0.0",
  "_originalSource": "string-mask"
}